timestamp,sound,co2,voltage,case_no
2025-10-21 16:34:55,41.19,,,13
2025-10-21 16:34:55,,1883,,13
2025-10-21 16:34:55,,,23.77,13
2025-10-21 16:37:03,59.14,,,13
2025-10-21 16:37:03,59.14,,,13
2025-10-21 16:37:04,,2084,,13
2025-10-21 16:37:04,,,10.45,13
2025-10-21 16:37:04,,,10.4,13
2025-10-21 16:37:05,,,10.46,13
2025-10-21 16:37:06,,,10.48,13
2025-10-21 16:37:07,,,10.46,13
2025-10-21 16:38:24,0.18,,,,17
2025-10-21 16:38:24,,41,,,17
2025-10-21 16:38:24,,,23.86,,17
2025-10-21 16:38:24,,,,47.53,17
2025-10-21 16:38:25,,,23.87,,17
2025-10-21 16:38:26,,,,55.62,17
2025-10-21 16:38:27,,24,,,17
2025-10-21 16:38:27,0.15,,,,17
2025-10-21 16:42:55,0.13,,,,17
2025-10-21 16:42:55,,212,,,17
2025-10-21 16:42:55,,,24.07,,17
2025-10-21 16:42:55,,,,49.59,17
2025-10-21 16:42:57,,,,48.47,17
2025-10-21 16:42:58,,106,,,17
2025-10-21 16:43:00,,,,49.31,17
2025-10-21 16:43:01,0.18,,,,17
2025-10-21 16:43:01,,75,,,17
2025-10-21 16:46:22,0.15,,,,17
2025-10-21 16:46:22,,110,,,17
2025-10-21 16:46:22,,,24.25,,17
2025-10-21 16:46:22,,,,52.23,17
2025-10-21 16:46:22,,,24.27,,17
2025-10-21 16:46:23,,,,51.84,17
2025-10-21 16:46:23,,382,,,17
2025-10-21 16:46:25,,,24.25,,17
2025-10-21 16:46:26,,,,52.73,17
2025-10-21 16:46:26,,489,,,17
2025-10-21 16:46:27,0.14,,,,17
2025-10-21 16:46:29,,,,52.45,17
2025-10-21 16:46:29,,488,,,17
2025-10-21 16:46:30,0.17,,,,17
2025-10-21 16:46:31,,,24.28,,17
2025-10-21 16:46:31,,,,48.95,17
2025-10-21 16:46:32,,258,,,17
2025-10-21 16:46:33,0.14,,,,17
2025-10-21 16:46:33,,,24.3,,17
2025-10-21 16:46:34,,,,51.9,17
2025-10-21 16:46:35,,115,,,17
2025-10-21 16:50:05,0.18,,,,17
2025-10-21 16:50:05,,246,,,17
2025-10-21 16:50:05,,,24.43,,17
2025-10-21 16:50:05,,,,58.55,17
2025-10-21 16:50:05,0.15,,,,17
2025-10-21 16:50:05,,,,55.19,17
2025-10-21 16:50:06,,376,,,17
2025-10-21 16:50:07,,,24.44,,17
2025-10-21 16:50:08,,,,56.95,17
2025-10-21 16:50:09,,189,,,17
2025-10-21 16:50:10,0.17,,,,17
2025-10-21 16:50:11,,,,57.95,17
2025-10-21 16:50:12,,88,,,17
2025-10-21 16:50:13,,,24.47,,17
2025-10-21 16:50:13,0.16,,,,17
2025-10-21 16:50:14,,,,60.98,17
2025-10-21 16:50:15,,133,,,17
2025-10-21 16:50:16,,,24.46,,17
2025-10-21 16:50:16,0.13,,,,17
2025-10-21 16:58:31,173,,,17
2025-10-21 16:58:31,,24.84,,17
2025-10-21 16:58:31,,,23.8,17
2025-10-21 16:58:31,165,,,17
2025-10-21 16:58:32,,,23.76,17
2025-10-21 16:58:33,,,23.83,17
2025-10-21 16:58:34,176,,,17
2025-10-21 16:58:34,,,23.76,17
2025-10-21 16:58:35,,,23.77,17
2025-10-21 16:58:35,,,23.8,17
2025-10-21 16:58:36,,,23.76,17
2025-10-21 16:58:37,194,,,17
2025-10-21 16:58:37,,,23.8,17
2025-10-21 16:58:37,,,23.78,17
2025-10-21 16:58:38,,24.87,,17
2025-10-21 16:58:38,,,23.73,17
2025-10-21 16:58:39,,,23.81,17
2025-10-21 16:58:39,143,,,17
2025-10-21 16:58:40,,,23.74,17
2025-10-21 16:58:40,,,23.76,17
2025-10-21 16:58:41,,,23.81,17
2025-10-21 16:58:42,,,23.78,17
2025-10-21 16:58:42,654,,,17
2025-10-21 16:58:42,,,23.81,17
2025-10-21 16:58:43,,,23.71,17
2025-10-21 16:58:44,,,23.77,17
2025-10-21 16:58:44,,,23.76,17
2025-10-21 16:58:45,339,,,17
2025-10-21 16:58:45,,,23.78,17
2025-10-21 16:58:47,,24.88,,17
2025-10-21 16:58:47,,,23.76,17
2025-10-21 16:58:48,151,,,17
2025-10-21 16:58:48,,,23.77,17
2025-10-21 16:58:49,,,23.76,17
2025-10-21 16:58:50,,,23.78,17
2025-10-21 16:58:51,68,,,17
2025-10-21 16:58:51,,,23.77,17
2025-10-21 16:58:52,,,23.8,17
2025-10-21 16:58:54,,,23.78,17
2025-10-21 16:58:54,47,,,17
2025-10-21 16:58:54,,,23.77,17
2025-10-21 16:58:55,,,23.74,17
2025-10-21 16:58:56,,,23.77,17
2025-10-21 16:58:57,323,,,17
2025-10-21 16:58:57,,,23.78,17
2025-10-21 16:58:58,,24.89,,17
2025-10-21 16:58:58,,,23.77,17
2025-10-21 16:58:59,,,23.8,17
2025-10-21 16:58:59,330,,,17
2025-10-21 16:59:00,,,23.77,17
2025-10-21 16:59:01,,,23.76,17
2025-10-21 16:59:01,,,23.74,17
2025-10-21 16:59:02,164,,,17
2025-10-21 16:59:02,,,23.76,17
2025-10-21 16:59:03,,,23.78,17
2025-10-21 16:59:03,,,23.8,17
2025-10-21 16:59:04,,24.88,,17
2025-10-21 16:59:04,,,23.77,17
2025-10-21 16:59:05,65,,,17
2025-10-21 16:59:05,,,23.8,17
2025-10-21 16:59:05,,,23.76,17
2025-10-21 16:59:06,,,23.74,17
2025-10-21 16:59:07,,24.89,,17
2025-10-21 16:59:08,,,23.78,17
2025-10-21 16:59:08,72,,,17
2025-10-21 16:59:08,,,23.81,17
2025-10-21 16:59:09,,,23.8,17
2025-10-21 16:59:09,,24.88,,17
2025-10-21 16:59:10,,,23.77,17
2025-10-21 16:59:10,,,23.74,17
2025-10-21 16:59:11,116,,,17
2025-10-21 16:59:11,,,23.77,17
2025-10-21 16:59:12,,,23.76,17
2025-10-21 16:59:12,,24.89,,17
2025-10-21 16:59:12,,,23.78,17
2025-10-21 16:59:13,,,23.77,17
2025-10-21 16:59:14,129,,,17
2025-10-21 16:59:14,,,23.8,17
2025-10-21 16:59:15,,,23.78,17
2025-10-21 16:59:15,,24.88,,17
2025-10-21 16:59:15,,,23.76,17
2025-10-21 16:59:16,,,23.77,17
2025-10-21 16:59:17,130,,,17
2025-10-21 16:59:18,,24.89,,17
2025-10-21 16:59:18,,,23.8,17
2025-10-21 16:59:19,404,,,17
2025-10-21 16:59:20,,,23.78,17
2025-10-21 16:59:21,,,23.8,17
2025-10-21 16:59:22,,,23.76,17
2025-10-21 16:59:22,355,,,17
2025-10-21 16:59:23,,,23.73,17
2025-10-21 16:59:23,,,23.77,17
2025-10-21 16:59:24,,,23.76,17
2025-10-21 16:59:24,,,23.74,17
2025-10-21 16:59:25,181,,,17
2025-10-21 16:59:25,,,23.81,17
2025-10-21 16:59:26,,,23.78,17
2025-10-21 16:59:26,,,23.77,17
2025-10-21 16:59:27,,24.91,,17
2025-10-21 16:59:27,,,23.78,17
2025-10-21 16:59:28,670,,,17
2025-10-21 16:59:28,,,23.73,17
2025-10-21 16:59:29,,,23.84,17
2025-10-21 16:59:29,,,23.78,17
2025-10-21 16:59:30,,,23.77,17
2025-10-21 16:59:31,370,,,17
2025-10-21 16:59:31,,,23.76,17
2025-10-21 16:59:31,,,23.78,17
2025-10-21 16:59:32,,24.89,,17
2025-10-21 16:59:32,,,23.74,17
2025-10-21 16:59:33,,,23.76,17
2025-10-21 16:59:34,168,,,17
2025-10-21 16:59:35,,24.91,,17
2025-10-21 16:59:35,,,23.78,17
2025-10-21 16:59:36,,,23.77,17
2025-10-21 16:59:37,87,,,17
2025-10-21 16:59:38,,,23.76,17
2025-10-21 16:59:39,145,,,17
2025-10-21 16:59:40,,,23.74,17
2025-10-21 16:59:40,,,23.76,17
2025-10-21 16:59:41,,,23.74,17
2025-10-21 16:59:42,233,,,17
2025-10-21 16:59:42,,,23.77,17
2025-10-21 16:59:43,,,23.76,17
2025-10-21 16:59:43,,,23.77,17
2025-10-21 16:59:44,,,23.78,17
2025-10-21 16:59:45,,,23.77,17
2025-10-21 16:59:45,115,,,17
2025-10-21 16:59:45,,,23.76,17
2025-10-21 16:59:46,,24.92,,17
2025-10-21 16:59:47,,,23.77,17
2025-10-21 16:59:48,390,,,17
2025-10-21 16:59:49,,,23.78,17
2025-10-21 16:59:49,,24.91,,17
2025-10-21 16:59:50,,,23.76,17
2025-10-21 16:59:50,,,23.78,17
2025-10-21 16:59:51,212,,,17
2025-10-21 16:59:51,,,23.73,17
2025-10-21 16:59:52,,,23.78,17
2025-10-21 16:59:52,,,23.77,17
2025-10-21 16:59:54,148,,,17
2025-10-21 16:59:54,,,23.74,17
2025-10-21 16:59:54,,,23.78,17
2025-10-21 16:59:55,,24.94,,17
2025-10-21 16:59:55,,,23.8,17
2025-10-21 16:59:56,,,23.74,17
2025-10-21 16:59:57,415,,,17
2025-10-21 16:59:57,,,23.77,17
2025-10-21 16:59:58,,24.92,,17
2025-10-21 16:59:59,,,23.76,17
2025-10-21 16:59:59,,,23.77,17
2025-10-21 16:59:59,208,,,17
2025-10-21 17:00:01,,24.94,,17
2025-10-21 17:00:01,,,23.76,17
2025-10-21 17:00:01,,,23.78,17
2025-10-21 17:00:02,171,,,17
2025-10-21 17:00:02,,,23.77,17
2025-10-21 17:00:04,,24.92,,17
2025-10-21 17:00:04,,,23.74,17
2025-10-21 17:00:05,114,,,17
2025-10-21 17:00:05,,,23.76,17
2025-10-21 17:00:06,,,23.77,17
2025-10-21 17:00:06,,,23.78,17
2025-10-21 17:00:06,,24.94,,17
2025-10-21 17:00:08,224,,,17
2025-10-21 17:00:08,,,23.76,17
2025-10-21 17:00:08,,,23.81,17
2025-10-21 17:00:09,,,23.76,17
2025-10-21 17:00:09,,24.92,,17
2025-10-21 17:00:10,,,23.77,17
2025-10-21 17:00:11,300,,,17
2025-10-21 17:00:11,,,23.8,17
2025-10-21 17:00:11,,,23.77,17
2025-10-21 17:00:12,,,23.74,17
2025-10-21 17:00:13,,,23.77,17
2025-10-21 17:00:13,,,23.8,17
2025-10-21 17:00:14,468,,,17
2025-10-21 17:00:14,,,23.77,17
2025-10-21 17:00:15,,24.94,,17
2025-10-21 17:00:15,,,23.8,17
2025-10-21 17:00:16,,,23.74,17
2025-10-21 17:00:16,508,,,17
2025-10-21 17:00:17,,,23.73,17
2025-10-21 17:00:18,,,23.78,17
2025-10-21 17:00:18,,,23.74,17
2025-10-21 17:00:19,,,23.76,17
2025-10-21 17:00:19,259,,,17
2025-10-21 17:00:20,,,23.77,17
2025-10-21 17:00:20,,,23.76,17
2025-10-21 17:00:22,390,,,17
2025-10-21 17:00:23,,,23.78,17
2025-10-21 17:00:23,,,23.77,17
2025-10-21 17:00:24,,,23.8,17
2025-10-21 17:00:25,,,23.77,17
2025-10-21 17:00:25,298,,,17
2025-10-21 17:00:25,,,23.78,17
2025-10-21 17:00:26,,,23.81,17
2025-10-21 17:00:27,,,23.8,17
2025-10-21 17:00:27,,,23.77,17
2025-10-21 17:00:28,160,,,17
2025-10-21 17:00:28,,,23.78,17
2025-10-21 17:00:29,,,23.76,17
2025-10-21 17:00:29,,24.97,,17
2025-10-21 17:00:29,,,23.78,17
2025-10-21 17:00:31,178,,,17
2025-10-21 17:00:31,,,23.76,17
2025-10-21 17:00:32,,24.94,,17
2025-10-21 17:00:32,,,23.77,17
2025-10-21 17:00:33,,,23.74,17
2025-10-21 17:00:34,784,,,17
2025-10-21 17:00:34,,,23.76,17
2025-10-21 17:00:34,,,23.78,17
2025-10-21 17:00:35,,,23.8,17
2025-10-21 17:00:36,,,23.77,17
2025-10-21 17:00:36,783,,,17
2025-10-21 17:00:37,,,23.76,17
2025-10-21 17:00:39,645,,,17
2025-10-21 17:00:39,,,23.77,17
2025-10-21 17:00:39,,,23.78,17
2025-10-21 17:00:40,,,23.76,17
2025-10-21 17:00:42,277,,,17
2025-10-21 17:00:42,,,23.8,17
2025-10-21 17:00:43,,,23.74,17
2025-10-21 17:00:43,,,23.78,17
2025-10-21 17:00:44,,24.95,,17
2025-10-21 17:00:45,258,,,17
2025-10-21 17:00:45,,,23.76,17
2025-10-21 17:00:46,,,23.77,17
2025-10-21 17:00:47,,,23.81,17
2025-10-21 17:00:48,154,,,17
2025-10-21 17:00:49,,,23.76,17
2025-10-21 17:00:49,,24.97,,17
2025-10-21 17:00:50,,,23.78,17
2025-10-21 17:00:51,779,,,17
2025-10-21 17:00:51,,,23.76,17
2025-10-21 17:00:52,,24.95,,17
2025-10-21 17:00:52,,,23.77,17
2025-10-21 17:00:53,,,23.81,17
2025-10-21 17:00:53,,,23.78,17
2025-10-21 17:00:54,612,,,17
2025-10-21 17:00:54,,,23.77,17
2025-10-21 17:00:55,,24.97,,17
2025-10-21 17:00:55,,,23.76,17
2025-10-21 17:00:55,,,23.77,17
2025-10-21 17:00:56,,,23.78,17
2025-10-21 17:00:56,399,,,17
2025-10-21 17:00:57,,,23.77,17
2025-10-21 17:00:57,,,23.76,17
2025-10-21 17:00:58,,,23.77,17
2025-10-21 17:00:59,249,,,17
2025-10-21 17:00:59,,,23.76,17
2025-10-21 17:01:00,,,23.74,17
2025-10-21 17:01:00,,,23.8,17
2025-10-21 17:01:01,,24.98,,17
2025-10-21 17:01:01,,,23.78,17
2025-10-21 17:01:02,345,,,17
2025-10-21 17:01:03,,,23.77,17
2025-10-21 17:01:04,,,23.8,17
2025-10-21 17:01:04,,,23.74,17
2025-10-21 17:01:05,300,,,17
2025-10-21 17:01:05,,,23.78,17
2025-10-21 17:01:06,,,23.76,17
2025-10-21 17:01:08,425,,,17
2025-10-21 17:01:08,,,23.8,17
2025-10-21 17:01:09,,,23.76,17
2025-10-21 17:01:10,,,23.78,17
2025-10-21 17:01:11,266,,,17
2025-10-21 17:01:11,,,23.77,17
2025-10-21 17:01:11,,,23.78,17
2025-10-21 17:01:12,,24.95,,17
2025-10-21 17:01:12,,,23.8,17
2025-10-21 17:01:13,,,23.77,17
2025-10-21 17:01:14,184,,,17
2025-10-21 17:01:14,,,23.76,17
2025-10-21 17:01:14,,,23.74,17
2025-10-21 17:01:15,,25,,17
2025-10-21 17:01:15,,,23.73,17
2025-10-21 17:01:16,,,23.77,17
2025-10-21 17:01:16,206,,,17
2025-10-21 17:01:17,,,23.74,17
2025-10-21 17:01:18,,24.97,,17
2025-10-21 17:01:18,,,23.77,17
2025-10-21 17:01:18,,,23.8,17
2025-10-21 17:01:19,148,,,17
2025-10-21 17:01:19,,,23.76,17
2025-10-21 17:01:21,,,23.78,17
2025-10-21 17:01:22,191,,,17
2025-10-21 17:01:22,,,23.76,17
2025-10-21 17:01:23,,,23.8,17
2025-10-21 17:01:23,,,23.77,17
2025-10-21 17:01:23,,25,,17
2025-10-21 17:01:25,94,,,17
2025-10-21 17:01:25,,,23.76,17
2025-10-21 17:01:25,,,23.77,17
2025-10-21 17:01:26,,,23.78,17
2025-10-21 17:01:26,,24.98,,17
2025-10-21 17:01:28,,,23.8,17
2025-10-21 17:01:28,81,,,17
2025-10-21 17:01:28,,,23.74,17
2025-10-21 17:01:29,,,23.76,17
2025-10-21 17:01:30,,,23.77,17
2025-10-21 17:01:30,,,23.8,17
2025-10-21 17:01:31,103,,,17
2025-10-21 17:01:31,,,23.78,17
2025-10-21 17:01:32,,,23.76,17
2025-10-21 17:01:32,,,23.77,17
2025-10-21 17:01:34,136,,,17
2025-10-21 17:01:34,,,23.8,17
2025-10-21 17:01:36,,,23.77,17
2025-10-21 17:01:36,329,,,17
2025-10-21 17:01:37,,,23.76,17
2025-10-21 17:01:38,,25.01,,17
2025-10-21 17:01:38,,,23.74,17
2025-10-21 17:01:39,197,,,17
2025-10-21 17:01:39,,,23.77,17
2025-10-21 17:01:39,,,23.76,17
2025-10-21 17:01:40,,,23.78,17
2025-10-21 17:01:41,,24.98,,17
2025-10-21 17:01:41,,,23.77,17
2025-10-21 17:01:42,,,23.76,17
2025-10-21 17:01:42,291,,,17
2025-10-21 17:01:43,,,23.81,17
2025-10-21 17:01:44,,,23.8,17
2025-10-21 17:01:45,143,,,17
2025-10-21 17:01:45,,,23.77,17
2025-10-21 17:01:46,,,23.78,17
2025-10-21 17:01:46,,25,,17
2025-10-21 17:01:46,,,23.76,17
2025-10-21 17:01:47,,,23.77,17
2025-10-21 17:01:48,157,,,17
2025-10-21 17:01:48,,,23.74,17
2025-10-21 17:01:49,,,23.77,17
2025-10-21 17:01:49,,24.98,,17
2025-10-21 17:01:49,,,23.8,17
2025-10-21 17:01:50,,,23.77,17
2025-10-21 17:01:51,202,,,17
2025-10-21 17:01:52,,25,,17
2025-10-21 17:01:52,,,23.74,17
2025-10-21 17:01:53,,,23.78,17
2025-10-21 17:01:54,1065,,,17
2025-10-21 17:01:54,,,23.76,17
2025-10-21 17:01:54,,,23.78,17
2025-10-21 17:01:55,,,23.74,17
2025-10-21 17:01:56,,,23.78,17
2025-10-21 17:01:56,523,,,17
2025-10-21 17:01:57,,,23.77,17
2025-10-21 17:01:58,,25.02,,17
2025-10-21 17:01:58,,,23.78,17
2025-10-21 17:01:59,263,,,17
2025-10-21 17:01:59,,,23.76,17
2025-10-21 17:02:00,,,23.8,17
2025-10-21 17:02:00,,,23.76,17
2025-10-21 17:02:01,,25.01,,17
2025-10-21 17:02:01,,,23.77,17
2025-10-21 17:02:02,395,,,17
2025-10-21 17:02:02,,,23.73,17
2025-10-21 17:02:03,,,23.76,17
2025-10-21 17:02:03,,,23.77,17
2025-10-21 17:02:04,,,23.76,17
2025-10-21 17:02:05,,,23.74,17
2025-10-21 17:02:05,412,,,17
2025-10-21 17:02:05,,,23.77,17
2025-10-21 17:02:07,,,23.74,17
2025-10-21 17:02:07,,,23.77,17
2025-10-21 17:02:08,218,,,17
2025-10-21 17:02:08,,,23.78,17
2025-10-21 17:02:09,,,23.8,17
2025-10-21 17:02:10,,,23.78,17
2025-10-21 17:02:10,,,23.77,17
2025-10-21 17:02:11,91,,,17
2025-10-21 17:02:11,,,23.78,17
2025-10-21 17:02:12,,24.98,,17
2025-10-21 17:02:12,,,23.73,17
2025-10-21 17:02:12,,,23.77,17
2025-10-21 17:02:13,74,,,17
2025-10-21 17:02:14,,,23.76,17
2025-10-21 17:02:15,,25.01,,17
2025-10-21 17:02:15,,,23.77,17
2025-10-21 17:02:16,69,,,17
2025-10-21 17:02:16,,,23.76,17
2025-10-21 17:02:17,,,23.74,17
2025-10-21 17:02:17,,,23.77,17
2025-10-21 17:02:18,,,23.78,17
2025-10-21 17:02:19,58,,,17
2025-10-21 17:02:19,,,23.77,17
2025-10-21 17:02:20,,,23.78,17
2025-10-21 17:02:21,,25,,17
2025-10-21 17:02:22,,,23.76,17
2025-10-21 17:02:22,162,,,17
2025-10-21 17:02:23,,,23.78,17
2025-10-21 17:02:23,,,23.77,17
2025-10-21 17:02:23,,25.02,,17
2025-10-21 17:02:24,,,23.81,17
2025-10-21 17:02:24,,,23.76,17
2025-10-21 17:02:25,75,,,17
2025-10-21 17:02:25,,,23.78,17
2025-10-21 17:02:26,,,23.77,17
2025-10-21 17:02:27,,25.01,,17
2025-10-21 17:02:27,,,23.7,17
2025-10-21 17:02:28,74,,,17
2025-10-21 17:02:28,,,23.77,17
2025-10-21 17:02:28,,,23.78,17
2025-10-21 17:02:29,,,23.77,17
2025-10-21 17:02:31,,,23.78,17
2025-10-21 17:02:31,94,,,17
2025-10-21 17:02:31,,,23.76,17
2025-10-21 17:02:32,,25.02,,17
2025-10-21 17:02:32,,,23.77,17
2025-10-21 17:02:33,,,23.78,17
2025-10-21 17:02:33,99,,,17
2025-10-21 17:02:34,,,23.71,17
2025-10-21 17:02:35,,,23.73,17
2025-10-21 17:02:35,,,23.77,17
2025-10-21 17:02:36,111,,,17
2025-10-21 17:02:36,,,23.8,17
2025-10-21 17:02:37,,,23.77,17
2025-10-21 17:02:39,118,,,17
2025-10-21 17:02:39,,,23.78,17
2025-10-21 17:02:40,,,23.77,17
2025-10-21 17:02:40,,,23.78,17
2025-10-21 17:02:41,,,23.77,17
2025-10-21 17:02:42,113,,,17
2025-10-21 17:02:42,,,23.74,17
2025-10-21 17:02:42,,,23.78,17
2025-10-21 17:02:43,,,23.74,17
2025-10-21 17:02:43,,25.04,,17
2025-10-21 17:02:44,,,23.76,17
2025-10-21 17:02:45,,,23.8,17
2025-10-21 17:02:45,225,,,17
2025-10-21 17:02:45,,,23.78,17
2025-10-21 17:02:46,,25.02,,17
2025-10-21 17:02:46,,,23.77,17
2025-10-21 17:02:47,,,23.78,17
2025-10-21 17:02:47,,,23.76,17
2025-10-21 17:02:48,101,,,17
2025-10-21 17:02:48,,,23.77,17
2025-10-21 17:02:49,,25.04,,17
2025-10-21 17:02:49,,,23.8,17
2025-10-21 17:02:50,,,23.74,17
2025-10-21 17:02:51,312,,,17
2025-10-21 17:02:51,,,23.71,17
2025-10-21 17:02:52,,,23.76,17
2025-10-21 17:02:52,,,23.8,17
2025-10-21 17:02:53,,,23.77,17
2025-10-21 17:02:53,529,,,17
2025-10-21 17:02:54,,,23.74,17
2025-10-21 17:02:55,,25.02,,17
2025-10-21 17:02:55,,,23.81,17
2025-10-21 17:02:56,,,23.78,17
2025-10-21 17:02:56,303,,,17
2025-10-21 17:02:56,,,23.77,17
2025-10-21 17:02:57,,,23.76,17
2025-10-21 17:02:58,,25.04,,17
2025-10-21 17:02:58,,,23.74,17
2025-10-21 17:02:59,,,23.77,17
2025-10-21 17:02:59,133,,,17
2025-10-21 17:02:59,,,23.76,17
2025-10-21 17:03:00,,,23.73,17
2025-10-21 17:03:01,,,23.76,17
2025-10-21 17:03:02,251,,,17
2025-10-21 17:03:03,,,23.77,17
2025-10-21 17:03:04,,,23.78,17
2025-10-21 17:03:05,223,,,17
2025-10-21 17:03:06,,,23.77,17
2025-10-21 17:03:06,,25.06,,17
2025-10-21 17:03:06,,,23.76,17
2025-10-21 17:03:07,,,23.8,17
2025-10-21 17:03:08,,,23.78,17
2025-10-21 17:03:08,90,,,17
2025-10-21 17:03:09,,25.04,,17
2025-10-21 17:03:09,,,23.77,17
2025-10-21 17:03:10,,,23.76,17
2025-10-21 17:03:11,,,23.77,17
2025-10-21 17:03:11,96,,,17
2025-10-21 17:03:11,,,23.8,17
2025-10-21 17:03:13,,,23.77,17
2025-10-21 17:03:13,,,23.8,17
2025-10-21 17:03:13,95,,,17
2025-10-21 17:03:14,,,23.76,17
2025-10-21 17:03:15,,,23.77,17
2025-10-21 17:03:15,,,23.78,17
2025-10-21 17:03:16,238,,,17
2025-10-21 17:03:16,,,23.76,17
2025-10-21 17:03:18,,25.06,,17
2025-10-21 17:03:18,,,23.78,17
2025-10-21 17:03:19,125,,,17
2025-10-21 17:03:19,,,23.8,17
2025-10-21 17:03:20,,,23.77,17
2025-10-21 17:03:21,,,23.74,17
2025-10-21 17:03:22,,,23.76,17
2025-10-21 17:03:22,164,,,17
2025-10-21 17:03:23,,,23.74,17
2025-10-21 17:03:23,,25.07,,17
2025-10-21 17:03:24,,,23.78,17
2025-10-21 17:03:25,725,,,17
2025-10-21 17:03:25,,,23.74,17
2025-10-21 17:03:26,,25.06,,17
2025-10-21 17:03:26,,,23.76,17
2025-10-21 17:03:27,,,23.8,17
2025-10-21 17:03:27,,,23.81,17
2025-10-21 17:03:28,370,,,17
2025-10-21 17:03:28,,,23.77,17
2025-10-21 17:03:29,,,23.78,17
2025-10-21 17:03:30,,,23.77,17
2025-10-21 17:03:30,214,,,17
2025-10-21 17:03:32,,,23.78,17
2025-10-21 17:03:32,,25.07,,17
2025-10-21 17:03:33,,,23.77,17
2025-10-21 17:03:33,105,,,17
2025-10-21 17:03:34,,,23.78,17
2025-10-21 17:03:36,,,23.74,17
2025-10-21 17:03:36,55,,,17
2025-10-21 17:03:36,,,23.77,17
2025-10-21 17:03:37,,,23.78,17
2025-10-21 17:03:38,,,23.8,17
2025-10-21 17:03:38,,,23.76,17
2025-10-21 17:03:39,24,,,17
2025-10-21 17:03:39,,,23.74,17
2025-10-21 17:03:40,,,23.76,17
2025-10-21 17:03:41,,,23.77,17
2025-10-21 17:03:41,,,23.78,17
2025-10-21 17:03:42,953,,,17
2025-10-21 17:03:43,,,23.77,17
2025-10-21 17:03:43,,,23.78,17
2025-10-21 17:03:44,,,23.74,17
2025-10-21 17:03:45,500,,,17
2025-10-21 17:03:45,,,23.77,17
2025-10-21 17:03:45,,,23.78,17
2025-10-21 17:03:47,,,23.76,17
2025-10-21 17:03:48,207,,,17
2025-10-21 17:03:48,,,23.77,17
2025-10-21 17:03:49,,25.06,,17
2025-10-21 17:03:50,,,23.76,17
2025-10-21 17:03:50,191,,,17
2025-10-21 17:03:51,,,23.8,17
2025-10-21 17:03:52,,25.07,,17
2025-10-21 17:03:52,,,23.78,17
2025-10-21 17:03:53,111,,,17
2025-10-21 17:03:54,,,23.76,17
2025-10-21 17:03:55,,25.06,,17
2025-10-21 17:03:55,,,23.77,17
2025-10-21 17:03:55,,,23.78,17
2025-10-21 17:03:56,58,,,17
2025-10-21 17:03:56,,,23.77,17
2025-10-21 17:03:57,,,23.78,17
2025-10-21 17:03:58,,25.09,,17
2025-10-21 17:03:58,,,23.77,17
2025-10-21 17:03:59,65,,,17
2025-10-21 17:03:59,,,23.78,17
2025-10-21 17:04:00,,,23.77,17
2025-10-21 17:04:00,,25.07,,17
2025-10-21 17:04:01,,,23.8,17
2025-10-21 17:04:02,,,23.76,17
2025-10-21 17:04:02,59,,,17
2025-10-21 17:04:02,,,23.77,17
2025-10-21 17:04:03,,25.09,,17
2025-10-21 17:04:04,,,23.78,17
2025-10-21 17:04:05,25,,,17
2025-10-21 17:04:05,,,23.77,17
2025-10-21 17:04:06,,,23.8,17
2025-10-21 17:04:07,,,23.81,17
2025-10-21 17:04:08,74,,,17
2025-10-21 17:04:08,,,23.78,17
2025-10-21 17:04:09,,,23.76,17
2025-10-21 17:04:09,,25.07,,17
2025-10-21 17:04:09,,,23.77,17
2025-10-21 17:04:10,,,23.8,17
2025-10-21 17:04:10,285,,,17
2025-10-21 17:04:11,,,23.76,17
2025-10-21 17:04:11,,,23.8,17
2025-10-21 17:04:12,,25.09,,17
2025-10-21 17:04:12,,,23.77,17
2025-10-21 17:04:13,375,,,17
2025-10-21 17:04:13,,,23.8,17
2025-10-21 17:04:14,,,23.77,17
2025-10-21 17:04:15,,25.07,,17
2025-10-21 17:04:15,,,23.76,17
2025-10-21 17:04:16,171,,,17
2025-10-21 17:04:16,,,23.77,17
2025-10-21 17:04:17,,,23.8,17
2025-10-21 17:04:18,,,23.76,17
2025-10-21 17:04:18,,,23.8,17
2025-10-21 17:04:19,74,,,17
2025-10-21 17:04:19,,,23.78,17
2025-10-21 17:04:20,,,23.77,17
2025-10-21 17:04:21,,,23.78,17
2025-10-21 17:04:22,170,,,17
2025-10-21 17:04:22,,,23.76,17
2025-10-21 17:04:23,,,23.78,17
2025-10-21 17:04:23,,25.09,,17
2025-10-21 17:04:23,,,23.8,17
2025-10-21 17:04:24,,,23.77,17
2025-10-21 17:04:25,107,,,17
2025-10-21 17:04:25,,,23.78,17
2025-10-21 17:04:26,,,23.76,17
2025-10-21 17:04:27,,,23.8,17
2025-10-21 17:04:27,,,23.78,17
2025-10-21 17:04:28,265,,,17
2025-10-21 17:04:29,,,23.77,17
2025-10-21 17:04:30,,,23.78,17
2025-10-21 17:04:30,,,23.73,17
2025-10-21 17:04:30,129,,,17
2025-10-21 17:04:31,,,23.78,17
2025-10-21 17:04:32,,25.1,,17
2025-10-21 17:04:32,,,23.77,17
2025-10-21 17:04:33,69,,,17
2025-10-21 17:04:33,,,23.8,17
2025-10-21 17:04:34,,,23.76,17
2025-10-21 17:04:36,80,,,17
2025-10-21 17:04:36,,,23.74,17
2025-10-21 17:04:37,,,23.76,17
2025-10-21 17:04:37,,,23.77,17
2025-10-21 17:04:38,,,23.74,17
2025-10-21 17:04:39,,,23.78,17
2025-10-21 17:04:39,55,,,17
2025-10-21 17:04:39,,,23.77,17
2025-10-21 17:04:40,,,23.73,17
2025-10-21 17:04:40,,25.12,,17
2025-10-21 17:04:41,,,23.78,17
2025-10-21 17:04:41,,,23.76,17
2025-10-21 17:04:42,87,,,17
2025-10-21 17:04:43,,25.09,,17
2025-10-21 17:04:43,,,23.77,17
2025-10-21 17:04:44,,,23.76,17
2025-10-21 17:04:45,73,,,17
2025-10-21 17:04:45,,,23.78,17
2025-10-21 17:04:46,,25.12,,17
2025-10-21 17:04:46,,,23.76,17
2025-10-21 17:04:46,,,23.8,17
2025-10-21 17:04:47,,,23.73,17
2025-10-21 17:04:48,271,,,17
2025-10-21 17:04:48,,,23.71,17
2025-10-21 17:04:48,,,23.76,17
2025-10-21 17:04:49,,25.09,,17
2025-10-21 17:04:49,,,23.74,17
2025-10-21 17:04:50,,,23.76,17
2025-10-21 17:04:50,653,,,17
2025-10-21 17:04:51,,,23.77,17
2025-10-21 17:04:52,,25.1,,17
2025-10-21 17:04:52,,,23.78,17
2025-10-21 17:04:53,,,23.77,17
2025-10-21 17:04:53,356,,,17
2025-10-21 17:04:53,,,23.78,17
2025-10-21 17:04:54,,,23.76,17
2025-10-21 17:04:55,,,23.78,17
2025-10-21 17:04:55,,,23.74,17
2025-10-21 17:04:56,188,,,17
2025-10-21 17:04:56,,,23.77,17
2025-10-21 17:04:57,,,23.78,17
2025-10-21 17:04:57,,25.12,,17
2025-10-21 17:04:58,,,23.77,17
2025-10-21 17:04:58,,,23.78,17
2025-10-21 17:04:59,397,,,17
2025-10-21 17:05:00,,,23.81,17
2025-10-21 17:05:00,,,23.78,17
2025-10-21 17:05:00,,25.1,,17
2025-10-21 17:05:01,,,23.76,17
2025-10-21 17:05:02,311,,,17
2025-10-21 17:05:02,,,23.78,17
2025-10-21 17:05:02,,,23.76,17
2025-10-21 17:05:03,,,23.74,17
2025-10-21 17:05:04,,,23.73,17
2025-10-21 17:05:05,717,,,17
2025-10-21 17:05:05,,,23.78,17
2025-10-21 17:05:05,,,23.77,17
2025-10-21 17:05:06,,,23.76,17
2025-10-21 17:05:07,,,23.77,17
2025-10-21 17:05:08,350,,,17
2025-10-21 17:05:08,,,23.76,17
2025-10-21 17:05:09,,25.12,,17
2025-10-21 17:05:09,,,23.77,17
2025-10-21 17:05:09,,,23.8,17
2025-10-21 17:05:10,,,23.78,17
2025-10-21 17:05:10,542,,,17
2025-10-21 17:05:11,,,23.76,17
2025-10-21 17:05:12,,,23.77,17
2025-10-21 17:05:12,,,23.7,17
2025-10-21 17:05:13,688,,,17
2025-10-21 17:05:13,,,23.78,17
2025-10-21 17:05:14,,,23.77,17
2025-10-21 17:05:14,,,23.78,17
2025-10-21 17:05:15,,,23.8,17
2025-10-21 17:05:16,405,,,17
2025-10-21 17:05:16,,,23.76,17
2025-10-21 17:05:16,,,23.77,17
2025-10-21 17:05:18,,,23.78,17
2025-10-21 17:05:19,,,23.76,17
2025-10-21 17:05:19,217,,,17
2025-10-21 17:05:19,,,23.78,17
2025-10-21 17:05:20,,,23.74,17
2025-10-21 17:05:21,,,23.78,17
2025-10-21 17:05:21,,,23.8,17
2025-10-21 17:05:22,665,,,17
2025-10-21 17:05:22,,,23.76,17
2025-10-21 17:05:23,,25.13,,17
2025-10-21 17:05:23,,,23.74,17
2025-10-21 17:05:23,,,23.76,17
2025-10-21 17:05:24,,,23.8,17
2025-10-21 17:05:25,609,,,17
2025-10-21 17:05:25,,,23.74,17
2025-10-21 17:05:26,,,23.78,17
2025-10-21 17:05:27,,,23.74,17
2025-10-21 17:05:27,640,,,17
2025-10-21 17:05:28,,,23.78,17
2025-10-21 17:05:28,,,23.8,17
2025-10-21 17:05:29,,25.12,,17
2025-10-21 17:05:29,,,23.73,17
2025-10-21 17:05:30,,,23.78,17
2025-10-21 17:05:30,543,,,17
2025-10-21 17:05:31,,,23.76,17
2025-10-21 17:05:32,,25.14,,17
2025-10-21 17:05:32,,,23.8,17
2025-10-21 17:05:33,,,23.77,17
2025-10-21 17:05:33,248,,,17
2025-10-21 17:05:34,,,23.76,17
2025-10-21 17:05:35,,25.13,,17
2025-10-21 17:05:35,,,23.73,17
2025-10-21 17:05:35,,,23.77,17
2025-10-21 17:05:36,103,,,17
2025-10-21 17:05:36,,,23.8,17
2025-10-21 17:05:37,,,23.78,17
2025-10-21 17:05:37,,,23.8,17
2025-10-21 17:05:38,,,23.77,17
2025-10-21 17:05:39,352,,,17
2025-10-21 17:05:40,,,23.78,17
2025-10-21 17:05:40,,,23.73,17
2025-10-21 17:05:40,,25.14,,17
2025-10-21 17:05:41,,,23.8,17
2025-10-21 17:05:42,158,,,17
2025-10-21 17:05:42,,,23.78,17
2025-10-21 17:05:42,,,23.77,17
2025-10-21 17:05:43,,25.13,,17
2025-10-21 17:05:44,,,23.78,17
2025-10-21 17:05:45,,,23.73,17
2025-10-21 17:05:45,63,,,17
2025-10-21 17:05:45,,,23.76,17
2025-10-21 17:05:46,,,23.78,17
2025-10-21 17:05:47,,,23.8,17
2025-10-21 17:05:47,47,,,17
2025-10-21 17:05:48,,,23.73,17
2025-10-21 17:05:49,,,23.77,17
2025-10-21 17:05:50,45,,,17
2025-10-21 17:05:51,,,23.8,17
2025-10-21 17:05:51,,,23.76,17
2025-10-21 17:05:52,,25.14,,17
2025-10-21 17:05:53,711,,,17
2025-10-21 17:05:53,,,23.81,17
2025-10-21 17:05:54,,,23.76,17
2025-10-21 17:05:55,,25.16,,17
2025-10-21 17:05:55,,,23.8,17
2025-10-21 17:05:56,357,,,17
2025-10-21 17:05:56,,,23.74,17
2025-10-21 17:05:56,,,23.73,17
2025-10-21 17:05:57,,,23.77,17
2025-10-21 17:05:57,,25.14,,17
2025-10-21 17:05:58,,,23.76,17
2025-10-21 17:05:58,,,23.78,17
2025-10-21 17:05:59,657,,,17
2025-10-21 17:06:00,,25.13,,17
2025-10-21 17:06:00,,,23.8,17
2025-10-21 17:06:01,,,23.74,17
2025-10-21 17:06:01,,,23.78,17
2025-10-21 17:06:02,607,,,17
2025-10-21 17:06:02,,,23.76,17
2025-10-21 17:06:03,,,23.77,17
2025-10-21 17:06:03,,,23.78,17
2025-10-21 17:06:04,,,23.8,17
2025-10-21 17:06:05,286,,,17
2025-10-21 17:06:05,,,23.78,17
2025-10-21 17:06:06,,25.16,,17
2025-10-21 17:06:06,,,23.77,17
2025-10-21 17:06:07,178,,,17
2025-10-21 17:06:08,,,23.74,17
2025-10-21 17:06:08,,,23.77,17
2025-10-21 17:06:09,,,23.78,17
2025-10-21 17:06:10,246,,,17
2025-10-21 17:06:10,,,23.77,17
2025-10-21 17:06:11,,,23.76,17
2025-10-21 17:06:12,,,23.74,17
2025-10-21 17:06:12,,,23.8,17
2025-10-21 17:06:13,788,,,17
2025-10-21 17:06:14,,,23.74,17
2025-10-21 17:06:15,,,23.77,17
2025-10-21 17:06:16,608,,,17
2025-10-21 17:06:16,,,23.78,17
2025-10-21 17:06:17,,,23.8,17
2025-10-21 17:06:17,,25.14,,17
2025-10-21 17:06:18,,,23.77,17
2025-10-21 17:06:19,783,,,17
2025-10-21 17:06:19,,,23.78,17
2025-10-21 17:06:19,,,23.73,17
2025-10-21 17:06:20,,25.16,,17
2025-10-21 17:06:20,,,23.8,17
2025-10-21 17:06:21,,,23.77,17
2025-10-21 17:06:22,,,23.78,17
2025-10-21 17:06:22,398,,,17
2025-10-21 17:06:23,,,23.74,17
2025-10-21 17:06:23,,25.17,,17
2025-10-21 17:06:23,,,23.77,17
2025-10-21 17:06:24,,,23.74,17
2025-10-21 17:06:24,,,23.77,17
2025-10-21 17:06:24,571,,,17
2025-10-21 17:06:25,,,23.76,17
2025-10-21 17:06:26,,,23.8,17
2025-10-21 17:06:26,,,23.78,17
2025-10-21 17:06:27,237,,,17
2025-10-21 17:06:28,,,23.76,17
2025-10-21 17:06:29,,,23.77,17
2025-10-21 17:06:30,214,,,17
2025-10-21 17:06:31,,,23.76,17
2025-10-21 17:06:31,,,23.77,17
2025-10-21 17:06:32,,,23.78,17
2025-10-21 17:06:33,927,,,17
2025-10-21 17:06:33,,,23.77,17
2025-10-21 17:06:34,,,23.78,17
2025-10-21 17:06:34,,25.16,,17
2025-10-21 17:06:35,,,23.74,17
2025-10-21 17:06:36,461,,,17
2025-10-21 17:06:36,,,23.76,17
2025-10-21 17:06:37,,,23.78,17
2025-10-21 17:06:37,,25.17,,17
2025-10-21 17:06:38,,,23.74,17
2025-10-21 17:06:38,,,23.8,17
2025-10-21 17:06:39,282,,,17
2025-10-21 17:06:39,,,23.76,17
2025-10-21 17:06:40,,,23.77,17
2025-10-21 17:06:41,,,23.78,17
2025-10-21 17:06:42,411,,,17
2025-10-21 17:06:42,,,23.74,17
2025-10-21 17:06:43,,,23.76,17
2025-10-21 17:06:44,797,,,17
2025-10-21 17:06:45,,,23.8,17
2025-10-21 17:06:45,,,23.78,17
2025-10-21 17:06:46,,25.16,,17
2025-10-21 17:06:46,,,23.77,17
2025-10-21 17:06:47,,,23.8,17
2025-10-21 17:06:47,458,,,17
2025-10-21 17:06:48,,,23.77,17
2025-10-21 17:06:49,,25.17,,17
2025-10-21 17:06:49,,,23.74,17
2025-10-21 17:06:50,,,23.78,17
2025-10-21 17:06:50,233,,,17
2025-10-21 17:06:50,,,23.77,17
2025-10-21 17:06:51,,,23.8,17
2025-10-21 17:06:52,,25.16,,17
2025-10-21 17:06:52,,,23.77,17
2025-10-21 17:06:53,713,,,17
2025-10-21 17:06:53,,,23.78,17
2025-10-21 17:06:54,,,23.76,17
2025-10-21 17:06:54,,,23.74,17
2025-10-21 17:06:55,,25.17,,17
2025-10-21 17:06:55,,,23.77,17
2025-10-21 17:06:56,753,,,17
2025-10-21 17:06:56,,,23.78,17
2025-10-21 17:06:57,,,23.8,17
2025-10-21 17:06:57,,,23.77,17
2025-10-21 17:06:57,,25.19,,17
2025-10-21 17:06:58,,,23.76,17
2025-10-21 17:06:59,,,23.8,17
2025-10-21 17:06:59,499,,,17
2025-10-21 17:06:59,,,23.76,17
2025-10-21 17:07:00,,,23.74,17
2025-10-21 17:07:01,,,23.77,17
2025-10-21 17:07:01,,,23.8,17
2025-10-21 17:07:02,280,,,17
2025-10-21 17:07:02,,,23.76,17
2025-10-21 17:07:03,,,23.8,17
2025-10-21 17:07:04,,,23.76,17
2025-10-21 17:07:04,1150,,,17
2025-10-21 17:07:05,,,23.77,17
2025-10-21 17:07:06,,,23.78,17
2025-10-21 17:07:06,,,23.81,17
2025-10-21 17:07:07,700,,,17
2025-10-21 17:07:07,,,23.77,17
2025-10-21 17:07:08,,,23.76,17
2025-10-21 17:07:08,,,23.74,17
2025-10-21 17:07:09,,,23.76,17
2025-10-21 17:07:10,920,,,17
2025-10-21 17:07:10,,,23.78,17
2025-10-21 17:07:11,,,23.76,17
2025-10-21 17:07:11,,,23.77,17
2025-10-21 17:07:12,,,23.81,17
2025-10-21 17:07:13,450,,,17
2025-10-21 17:07:13,,,23.77,17
2025-10-21 17:07:14,,,23.78,17
2025-10-21 17:07:15,,,23.77,17
2025-10-21 17:07:16,1186,,,17
2025-10-21 17:07:17,,,23.71,17
2025-10-21 17:07:18,,,23.78,17
2025-10-21 17:07:18,,,23.8,17
2025-10-21 17:07:19,600,,,17
2025-10-21 17:07:20,,,23.77,17
2025-10-21 17:07:22,237,,,17
2025-10-21 17:07:23,,,23.76,17
2025-10-21 17:07:23,,,23.77,17
2025-10-21 17:07:24,,,23.8,17
2025-10-21 17:07:24,120,,,17
2025-10-21 17:07:25,,,23.77,17
2025-10-21 17:07:25,,,23.76,17
2025-10-21 17:07:26,,,23.77,17
2025-10-21 17:07:27,110,,,17
2025-10-21 17:07:27,,,23.81,17
2025-10-21 17:07:28,,,23.77,17
2025-10-21 17:07:30,200,,,17
2025-10-21 17:07:31,,,23.76,17
2025-10-21 17:07:32,,,23.74,17
2025-10-21 17:07:32,,,23.76,17
2025-10-21 17:07:33,273,,,17
2025-10-21 17:07:33,,,23.78,17
2025-10-21 17:07:34,,25.2,,17
2025-10-21 17:07:35,,,23.76,17
2025-10-21 17:07:35,,,23.8,17
2025-10-21 17:07:36,110,,,17
2025-10-21 17:07:36,,,23.78,17
2025-10-21 17:07:36,,,23.8,17
2025-10-21 17:07:37,,,23.77,17
2025-10-21 17:07:39,,,23.73,17
2025-10-21 17:07:39,91,,,17
2025-10-21 17:07:39,,,23.8,17
2025-10-21 17:07:40,,,23.76,17
2025-10-21 17:07:41,,,23.74,17
2025-10-21 17:07:42,78,,,17
2025-10-21 17:07:42,,,23.77,17
2025-10-21 17:07:43,,,23.8,17
2025-10-21 17:07:43,,,23.78,17
2025-10-21 17:07:44,,,23.77,17
2025-10-21 17:07:44,74,,,17
2025-10-21 17:07:45,,,23.81,17
2025-10-21 17:07:46,,,23.78,17
2025-10-21 17:07:47,53,,,17
2025-10-21 17:07:47,,,23.76,17
2025-10-21 17:07:48,,,23.78,17
2025-10-21 17:07:48,,,23.76,17
2025-10-21 17:07:49,,25.21,,17
2025-10-21 17:07:50,67,,,17
2025-10-21 17:07:50,,,23.74,17
2025-10-21 17:07:50,,,23.8,17
2025-10-21 17:07:51,,,23.78,17
2025-10-21 17:07:53,55,,,17
2025-10-21 17:07:53,,,23.73,17
2025-10-21 17:07:54,,,23.77,17
2025-10-21 17:07:54,,25.2,,17
2025-10-21 17:07:55,,,23.76,17
2025-10-21 17:07:56,44,,,17
2025-10-21 17:07:56,,,23.74,17
2025-10-21 17:07:57,,25.25,,17
2025-10-21 17:07:57,,,23.76,17
2025-10-21 17:07:59,374,,,17
2025-10-21 17:07:59,,,23.81,17
2025-10-21 17:08:00,,,23.77,17
2025-10-21 17:08:00,,25.21,,17
2025-10-21 17:08:00,,,23.78,17
2025-10-21 17:08:01,,,23.77,17
2025-10-21 17:08:02,233,,,17
2025-10-21 17:08:02,,,23.78,17
2025-10-21 17:08:02,,,23.76,17
2025-10-21 17:08:03,,25.25,,17
2025-10-21 17:08:03,,,23.77,17
2025-10-21 17:08:04,,,23.73,17
2025-10-21 17:08:04,119,,,17
2025-10-21 17:08:04,,,23.78,17
2025-10-21 17:08:05,,,23.77,17
2025-10-21 17:08:07,,,23.81,17
2025-10-21 17:08:07,64,,,17
2025-10-21 17:08:08,,,23.74,17
2025-10-21 17:08:09,,,23.78,17
2025-10-21 17:08:09,,,23.77,17
2025-10-21 17:08:10,28,,,17
2025-10-21 17:08:10,,,23.78,17
2025-10-21 17:08:11,,,23.81,17
2025-10-21 17:08:11,,,23.8,17
2025-10-21 17:08:12,,,23.73,17
2025-10-21 17:08:13,29,,,17
2025-10-21 17:08:13,,,23.8,17
2025-10-21 17:08:14,,,23.78,17
2025-10-21 17:08:14,,,23.8,17
2025-10-21 17:08:15,,,23.77,17
2025-10-21 17:08:16,56,,,17
2025-10-21 17:08:16,,,23.81,17
2025-10-21 17:08:16,,,23.77,17
2025-10-21 17:08:17,,,23.8,17
2025-10-21 17:08:18,,,23.74,17
2025-10-21 17:08:18,,,23.8,17
2025-10-21 17:08:19,76,,,17
2025-10-21 17:08:19,,,23.76,17
2025-10-21 17:08:20,,,23.77,17
2025-10-21 17:08:21,,,23.78,17
2025-10-21 17:08:22,94,,,17
2025-10-21 17:08:22,,,23.8,17
2025-10-21 17:08:23,,25.21,,17
2025-10-21 17:08:23,,,23.77,17
2025-10-21 17:08:24,575,,,17
2025-10-21 17:08:26,,25.25,,17
2025-10-21 17:08:26,,,23.73,17
2025-10-21 17:08:26,,,23.77,17
2025-10-21 17:08:27,621,,,17
2025-10-21 17:08:27,,,23.78,17
2025-10-21 17:08:28,,,23.77,17
2025-10-21 17:08:28,,,23.8,17
2025-10-21 17:08:29,,,23.77,17
2025-10-21 17:08:30,316,,,17
2025-10-21 17:08:30,,,23.78,17
2025-10-21 17:08:31,,,23.76,17
